azimuth	corrected_sky_cover	smooth_corrected_sky_cover
136.57377370729412	0.32609648665010543	0.32609648665010543
196.28393138534025	0.5094809023059395	0.5094809023059395
210.84256075521643	0.446510656080234	0.446510656080234
100.15054554178103	0.00520691746303925	0.005206917463039251
